City_ID,City,Country,Date,Latitude,Longitude,Cloudiness (%),Humidity (%),Max Temp (F),Wind Speed (mph)
0,tuktoyaktuk,CA,2023-01-29 13:35:58,82.3851,-121.7431,54,99,-29.16399999999998,4.3
1,busselton,AU,2023-01-30 04:35:58,-80.0109,84.6578,60,92,-39.27999999999999,3.06
2,zomin,UZ,2023-01-30 02:35:59,39.8989,68.4488,70,68,40.85600000000003,0.92
3,san patricio,MX,2023-01-29 14:35:59,15.7454,-106.7224,1,77,77.37799999999996,4.25
4,tsihombe,MG,2023-01-30 00:36:12,-40.2977,47.9833,85,62,54.51799999999999,11.88
5,atuona,PF,2023-01-29 11:36:12,3.1325,-146.7243,24,83,77.61199999999997,6.76
6,hilo,US,2023-01-30 11:36:00,5.503,-159.7929,11,76,79.25,5.99
7,satitoa,WS,2023-01-29 10:36:13,-14.947,-168.5494,5,71,83.39000000000001,5.01
8,khatanga,RU,2023-01-30 04:36:02,76.9359,96.5319,100,96,-12.604000000000006,4.18
9,nantucket,US,2023-01-29 16:36:14,36.6246,-70.1969,100,67,65.39000000000001,10.15
10,plouzane,FR,2023-01-29 22:36:14,48.0791,-4.9572,64,82,47.65999999999998,5.82
11,georgetown,SH,2023-01-29 20:36:15,-14.5454,-17.7077,5,77,76.08200000000002,7.14
12,new norfolk,AU,2023-01-30 05:36:16,-72.5138,129.7015,47,85,-18.058000000000007,2.14
13,ilulissat,GL,2023-01-29 18:36:16,81.1595,-41.4272,100,100,-26.194000000000024,7.04
14,butaritari,KI,2023-01-30 09:36:17,10.0993,165.3182,15,78,80.726,11.41
15,arraial do cabo,BR,2023-01-29 20:36:18,-54.4616,-21.3326,100,92,38.101999999999975,8.62
16,abu dhabi,AE,2023-01-30 01:36:18,23.6407,55.2878,0,64,64.43599999999998,1.8
17,mataura,PF,2023-01-29 11:36:19,-69.4403,-156.4082,88,87,29.803999999999952,4.62
18,punta arenas,CL,2023-01-29 14:36:20,-71.1206,-99.5403,3,84,17.6,2.33
19,gizo,SB,2023-01-30 07:36:20,-10.1871,156.3781,100,79,82.058,6.1
20,tasiilaq,GL,2023-01-29 18:36:21,82.9048,-35.2197,100,95,-20.991999999999997,2.2
21,ushuaia,AR,2023-01-29 18:36:21,-65.3414,-62.938,100,95,3.722000000000037,1.35
22,bileca,BA,2023-01-29 22:36:22,42.8685,18.6491,69,81,27.57200000000004,1.51
23,cassilandia,BR,2023-01-29 18:36:23,-18.9222,-51.8967,91,94,69.18800000000005,1.56
24,ribeira grande,PT,2023-01-29 19:36:23,39.2867,-36.3529,100,73,62.042,5.78
25,salekhard,RU,2023-01-30 02:36:24,65.9516,66.1926,100,98,0.10400000000000276,3.1
26,cape town,ZA,2023-01-29 20:36:24,-66.2692,-8.9708,100,85,31.477999999999962,7.24
27,saint-augustin,CA,2023-01-29 17:36:25,56.1531,-61.5388,5,81,-18.85,4.86
28,kapaa,US,2023-01-29 10:36:25,28.9372,-171.1735,7,63,64.81400000000004,4.91
29,mys shmidta,RU,2023-01-29 09:36:26,85.187,-174.5504,100,94,-19.516000000000012,3.25
30,mananjary,MG,2023-01-30 00:36:27,-22.3661,51.5817,87,78,82.74199999999999,3.86
31,kamenka,RU,2023-01-30 00:36:27,66.076,43.0472,99,92,21.361999999999952,5.48
32,aksu,CN,2023-01-30 05:36:28,38.7516,80.5049,100,42,25.951999999999977,1.53
33,dikson,RU,2023-01-30 02:36:28,76.5742,75.1708,73,99,-25.798000000000023,3.9
34,albany,AU,2023-01-30 03:36:29,-72.9237,100.8487,17,77,-22.68399999999999,4.1
35,challapata,BO,2023-01-29 17:36:30,-19.066,-66.5844,78,83,43.19600000000005,2.18
36,provideniya,RU,2023-01-29 09:36:31,45.2829,-175.7681,3,66,42.998000000000026,6.05
37,dunedin,NZ,2023-01-30 09:36:31,-55.5923,179.4724,19,86,48.23599999999997,10.16
38,vaitupu,WF,2023-01-29 09:36:32,2.9138,-177.5751,19,79,81.17599999999999,8.1
39,ostrovnoy,RU,2023-01-30 00:36:32,67.8101,40.2867,100,84,27.283999999999992,7.62
40,barentsburg,SJ,2023-01-29 21:36:33,86.066,-4.5656,98,97,-22.036000000000023,6.67
41,hamilton,BM,2023-01-29 17:36:33,26.9243,-64.0931,61,79,72.93200000000002,6.65
42,myrtle beach,US,2023-01-29 16:36:34,32.1896,-77.9576,87,73,71.76199999999996,9.96
43,saryshagan,KZ,2023-01-30 03:36:34,45.8536,73.4129,28,78,9.014000000000031,5.65
44,tuatapere,NZ,2023-01-30 07:36:35,-59.5369,156.4567,100,94,39.88399999999999,14.55
45,fort smith,US,2023-01-29 15:36:35,35.0389,-94.3066,100,85,31.60399999999995,2.06
46,guerrero negro,MX,2023-01-29 12:36:35,14.5126,-130.6711,10,74,74.084,8.55
47,dorogobuzh,RU,2023-01-30 00:36:36,54.8566,33.1412,100,94,27.032000000000018,6.42
48,novyy buh,UA,2023-01-29 23:36:37,47.5257,32.6156,8,84,25.609999999999978,2.05
49,nurota,UZ,2023-01-30 02:36:37,41.9108,64.6728,98,62,33.908,3.39
50,allonnes,FR,2023-01-29 22:36:37,47.9689,-0.0309,100,87,39.30800000000001,2.57
51,kruisfontein,ZA,2023-01-30 00:36:38,-77.022,28.7366,100,100,-28.300000000000004,2.43
52,gondanglegi,ID,2023-01-30 05:36:38,-8.7276,112.5559,100,79,81.734,6.21
53,touros,BR,2023-01-29 19:36:39,1.8787,-24.8385,78,75,79.84399999999997,2.86
54,shizunai,JP,2023-01-30 06:36:39,41.5802,143.43,33,67,27.57200000000004,1.48
55,klaksvik,FO,2023-01-29 21:36:40,68.2194,-3.8817,100,77,27.80600000000003,14.37
56,katsuura,JP,2023-01-30 07:36:40,28.9447,144.8071,71,61,62.25800000000001,9.57
57,hualmay,PE,2023-01-29 15:36:40,-20.6409,-93.9824,13,73,73.292,5.18
58,hermanus,ZA,2023-01-29 22:36:41,-66.4057,10.209,100,95,32.63000000000004,5.46
59,nikolskoye,RU,2023-01-30 08:36:41,51.2817,165.8194,100,83,33.08000000000004,19.01
60,mar del plata,AR,2023-01-29 19:36:42,-66.6008,-26.6445,100,98,30.77599999999999,4.4
61,magna,US,2023-01-29 14:36:42,40.6838,-112.1784,100,76,12.97400000000001,5.66
62,sabzevar,IR,2023-01-30 01:06:42,35.778,58.0464,99,62,36.69800000000002,5.4
63,chacabuco,AR,2023-01-29 18:36:43,-34.3448,-60.3522,74,85,65.30000000000001,3.27
64,salgado,BR,2023-01-29 18:36:43,-11.098,-37.5341,64,96,70.06999999999996,0.2
65,santa vitoria do palmar,BR,2023-01-29 18:36:44,-33.8939,-52.2686,70,80,74.03000000000004,8.03
66,kerema,PG,2023-01-30 07:36:44,-8.8499,144.8338,69,69,85.65800000000002,4.15
67,longyearbyen,SJ,2023-01-29 22:36:45,75.3385,17.6714,100,81,29.714000000000034,17.21
68,yefira,GR,2023-01-29 23:36:45,36.5856,23.4814,100,66,52.483999999999995,9.83
69,bluff,NZ,2023-01-30 07:36:45,-67.6946,154.2454,100,97,30.848000000000024,7.69
70,houston,CA,2023-01-29 13:36:46,53.1571,-126.7478,24,87,8.006000000000029,0.25
71,lompoc,US,2023-01-29 12:36:46,22.2318,-134.2903,14,66,66.65,8.07
72,sentyabrskiy,RU,2023-01-30 08:36:47,28.2079,162.2735,36,90,72.96799999999999,7.3
73,tunduru,TZ,2023-01-30 00:36:47,-10.2006,36.988,4,77,73.59800000000003,2.9
74,port alfred,ZA,2023-01-30 00:36:47,-65.2827,44.5823,100,78,31.675999999999988,4.81
75,alice springs,AU,2023-01-30 07:06:48,-22.737,136.0836,100,62,83.01199999999996,3.18
76,meulaboh,ID,2023-01-30 03:36:49,1.0364,95.5839,86,71,82.92200000000004,2.6
77,souillac,MU,2023-01-30 02:36:49,-40.9636,69.2542,85,92,61.556000000000026,4.19
78,nivala,FI,2023-01-29 23:36:49,63.7061,25.5218,100,98,32.648000000000025,3.5
79,arlit,NE,2023-01-29 22:36:50,22.1242,6.8655,16,19,49.53200000000002,3.05
80,muros,ES,2023-01-29 20:36:50,46.08,-15.9132,100,67,54.57200000000004,1.68
81,rikitea,PF,2023-01-30 10:36:51,-87.7797,-128.8787,98,97,-15.970000000000013,3.34
82,marolambo,MG,2023-01-30 00:36:51,-20.2991,48.299,50,54,88.358,0.83
83,barrow,US,2023-01-29 10:36:52,73.1613,-162.8532,74,97,-6.304000000000002,5.27
84,svetlyy,RU,2023-01-30 03:36:52,49.0182,63.1359,57,90,6.925999999999988,1.98
85,baruun-urt,MN,2023-01-30 05:36:52,44.7792,114.5873,14,66,14.053999999999949,4.95
86,saintes,FR,2023-01-29 22:36:53,45.6006,-0.7976,42,77,23.251999999999974,0.29
87,talnakh,RU,2023-01-30 04:36:53,73.6413,88.8422,85,100,-33.73600000000002,1.54
88,constitucion,MX,2023-01-29 13:36:54,23.1129,-113.904,100,65,64.88599999999997,2.54
89,kutum,SD,2023-01-29 23:36:54,16.3081,24.5399,100,11,70.7,3.07
90,port augusta,AU,2023-01-30 08:06:54,-29.171,137.6754,73,45,87.85399999999996,5.9
91,sitka,US,2023-01-29 12:36:55,54.5053,-134.876,100,82,42.09800000000003,4.09
92,yellowknife,CA,2023-01-29 14:36:55,88.2363,-98.5958,80,100,-24.070000000000014,4.4
93,lagos,NG,2023-01-29 22:36:56,6.4951,3.3479,20,94,77.52200000000005,1.54
94,costa rica,BR,2023-01-29 17:36:56,-23.1295,-54.7701,91,97,68.73800000000006,1.9
95,bengkulu,ID,2023-01-30 03:36:56,-15.2312,86.2812,65,72,79.06999999999996,8.11
96,cabo san lucas,MX,2023-01-29 14:36:57,23.3133,-108.5557,67,63,69.16999999999996,3.03
97,bredasdorp,ZA,2023-01-29 21:36:57,-77.0606,20.5659,100,100,-25.18600000000002,3.81
98,pacific grove,US,2023-01-29 12:36:58,29.9512,-132.4696,0,65,60.92599999999999,8.98
99,comodoro rivadavia,AR,2023-01-29 17:36:58,-48.9329,-62.668,22,84,58.80199999999998,6.1
100,carora,VE,2023-01-29 17:36:58,9.8784,-70.2527,8,83,64.11199999999997,0.8
101,avarua,CK,2023-01-29 10:36:59,-58.7543,-167.0949,100,79,41.522000000000034,15.2
102,vaini,TO,2023-01-29 09:36:59,-26.7456,-173.3269,94,85,77.26999999999995,10.65
103,qaanaaq,GL,2023-01-29 15:37:00,85.4947,-94.2181,75,98,-27.904000000000003,4.85
104,katra,IN,2023-01-30 03:07:00,33.2008,74.7981,100,95,47.48000000000004,0.84
105,salalah,OM,2023-01-30 01:37:01,11.5298,59.2915,34,57,75.84800000000003,6.82
106,lincoln,NZ,2023-01-30 09:37:01,-46.8786,174.764,38,92,60.674000000000014,3.99
107,taolanaro,MG,2023-01-30 02:37:01,-68.8955,60.8659,46,81,-5.800000000000004,4.55
108,russell,NZ,2023-01-30 09:37:02,-32.2041,175.8159,100,88,71.6,11.86
109,san jeronimo,PE,2023-01-29 16:37:02,-13.2823,-73.1612,97,94,43.06999999999996,0.78
110,attawapiskat,CA,2023-01-29 16:37:03,53.5561,-80.2336,100,97,-11.416000000000011,4.1
111,belushya guba,RU,2023-01-30 00:37:03,85.3572,51.0778,84,99,-23.97999999999999,5.33
112,lagoa,PT,2023-01-29 19:37:04,47.5686,-33.121,100,73,49.90999999999998,9.1
113,cachoeira do sul,BR,2023-01-29 18:37:04,-29.8975,-52.6939,0,95,66.74000000000002,1.14
114,port-gentil,GA,2023-01-29 21:37:05,-0.8002,7.4087,76,79,80.90600000000003,2.91
115,saint george,BM,2023-01-29 17:37:05,33.3457,-64.5104,100,62,64.77799999999996,4.89
116,buluang,PH,2023-01-30 05:37:06,13.2009,117.2468,38,80,79.46600000000001,8.22
117,tura,RU,2023-01-30 04:37:06,66.9054,99.4472,83,99,-27.417999999999985,1.55
118,leningradskiy,RU,2023-01-30 09:37:07,68.2501,176.5943,100,78,-0.32800000000001717,3.94
119,chokurdakh,RU,2023-01-30 07:37:07,78.9951,151.168,100,100,-12.190000000000019,2.58
120,te anau,NZ,2023-01-30 08:37:08,-42.376,160.3543,95,88,65.91199999999995,3.95
121,iqaluit,CA,2023-01-29 16:37:08,63.6152,-70.0711,100,100,-33.304,2.54
122,sao filipe,CV,2023-01-29 19:37:09,6.1474,-28.0528,39,77,79.30399999999995,9.03
123,port hardy,CA,2023-01-29 12:37:09,49.0088,-130.2134,13,70,43.43000000000004,6.33
124,severo-kurilsk,RU,2023-01-30 07:37:09,46.4746,153.9268,100,54,26.798000000000023,8.52
125,marsassoum,SN,2023-01-29 21:37:10,13.1062,-16.0186,81,15,65.33599999999997,2.69
126,komsomolskiy,RU,2023-01-30 09:37:10,64.5716,171.2165,100,81,25.79000000000002,8.05
127,mount gambier,AU,2023-01-30 05:37:11,-57.4179,126.8338,100,87,37.18399999999999,10.2
128,castro,CL,2023-01-29 14:37:11,-43.0309,-101.9031,15,79,55.07599999999999,6.58
129,ibi,ES,2023-01-29 22:37:12,38.5566,-0.5329,45,79,35.00600000000003,2.83
130,jardim,BR,2023-01-29 19:37:12,-1.0241,-37.3212,10,77,80.47400000000002,4.23
131,beringovskiy,RU,2023-01-29 11:37:13,52.1984,176.8102,94,62,34.483999999999995,16.57
132,jutai,BR,2023-01-29 17:37:13,-5.2977,-68.4908,100,99,71.36600000000001,0.83
133,laguna,BR,2023-01-29 19:37:14,-43.137,-31.5185,10,73,59.05399999999995,8.31
134,saint-philippe,RE,2023-01-30 01:37:14,-32.3248,61.9128,100,88,74.62400000000002,10.84
135,shetpe,KZ,2023-01-30 02:37:15,44.2474,52.7349,26,50,30.758000000000003,2.45
136,bagula,IN,2023-01-30 03:37:15,23.5928,88.7861,0,35,79.06999999999996,2.47
137,portland,AU,2023-01-30 06:37:16,-56.5246,130.8215,100,85,38.174000000000014,13.51
138,bambous virieux,MU,2023-01-30 02:37:16,-35.084,82.1638,92,83,71.25800000000001,7.04
139,lebu,CL,2023-01-29 14:37:17,-32.0876,-101.9079,97,70,69.49399999999997,9.32
140,vanavara,RU,2023-01-30 04:37:17,61.0858,103.6203,100,94,3.2720000000000375,3.26
141,aleksandrov gay,RU,2023-01-30 02:37:18,49.6555,48.6451,100,79,22.982000000000014,3.94
142,springbok,ZA,2023-01-29 23:37:18,-30.6694,17.2476,0,87,63.71600000000001,4.46
143,fare,PF,2023-01-29 11:37:19,-15.7292,-150.8398,1,76,80.97799999999997,5.78
144,sassenberg,DE,2023-01-29 22:37:19,51.9279,8.0742,100,93,42.89000000000002,9.46
145,sungaipenuh,ID,2023-01-30 04:37:20,-3.1553,100.8291,88,75,83.33599999999997,7.32
146,airai,PW,2023-01-30 07:37:20,8.7325,138.0163,61,75,83.30000000000001,6.85
147,palmer,US,2023-01-29 12:37:21,58.7813,-146.7253,100,91,40.53200000000002,5.62
148,tunxi,CN,2023-01-30 05:37:21,29.8755,119.0045,0,28,55.975999999999985,1.52
149,wawa,CA,2023-01-29 16:37:21,48.1662,-85.3203,99,98,-7.833999999999996,2.15
150,puerto suarez,BO,2023-01-29 17:37:22,-19.4472,-58.0984,39,93,73.076,1.99
151,kaniama,CD,2023-01-29 23:37:22,-8.7172,23.3052,85,94,66.83000000000004,1.6
152,walvis bay,NA,2023-01-29 22:37:23,-23.6226,11.8501,82,76,67.62200000000004,8.91
153,amguri,IN,2023-01-30 03:07:23,26.8144,94.4293,0,28,82.00399999999996,2.08
154,margate,ZA,2023-01-30 00:37:24,-37.9827,37.6373,57,62,64.184,7.08
155,zhigansk,RU,2023-01-30 06:37:24,68.0517,121.2967,55,99,-48.658,0.46
156,hofn,IS,2023-01-29 21:37:25,58.5475,-15.4103,100,60,45.71600000000001,6.95
157,amderma,RU,2023-01-30 00:37:25,70.458,58.0178,100,93,20.696000000000048,6.85
158,olot,UZ,2023-01-30 02:37:26,39.4647,63.9608,100,66,38.76799999999999,4.67
159,the valley,AI,2023-01-29 17:37:26,22.3601,-62.1249,29,67,76.81999999999996,9.89
160,ust-kamchatsk,RU,2023-01-30 09:37:27,55.4987,162.075,100,66,31.92799999999996,7.76
161,bay saint louis,US,2023-01-29 15:37:27,29.7472,-89.1819,57,100,63.57200000000004,5.55
162,eenhana,NA,2023-01-29 23:37:27,-17.5118,17.6878,98,87,68.16199999999995,1.02
163,chuy,UY,2023-01-29 20:37:28,-64.2249,-22.1727,100,98,31.19000000000002,7.05
164,vitim,RU,2023-01-30 05:37:28,59.0365,112.2409,100,89,13.96400000000003,4.71
165,poum,NC,2023-01-30 08:37:29,-18.1446,159.1606,29,66,80.50999999999999,6.41
166,ruteng,ID,2023-01-30 05:37:29,-8.1597,119.9175,92,76,83.19200000000001,4.61
167,saskylakh,RU,2023-01-30 05:37:30,89.0822,121.1797,91,100,-28.73200000000002,3.69
168,saint-pierre,RE,2023-01-30 01:37:30,-22.5407,54.8579,100,87,80.76199999999996,6.75
169,bethel,US,2023-01-29 10:37:31,42.5964,-166.4362,100,70,46.561999999999955,10.81
170,vila velha,BR,2023-01-29 19:37:31,-25.4017,-29.4474,0,72,77.43200000000002,2.05
171,port elizabeth,ZA,2023-01-30 10:37:32,-88.9393,33.3418,24,82,-25.942,4.29
172,strazske,SK,2023-01-29 22:37:32,48.8324,21.7985,31,89,31.982000000000017,4.12
173,saldanha,ZA,2023-01-29 21:37:33,-35.9298,6.1099,44,71,63.69800000000002,6.06
174,mozarlandia,BR,2023-01-29 18:37:33,-15.035,-50.4282,98,91,71.97799999999997,0.9
175,champerico,GT,2023-01-29 15:37:34,6.6743,-95.3167,39,77,78.89000000000001,7.17
176,hammerfest,NO,2023-01-29 23:37:34,71.5733,23.3991,100,73,36.98599999999997,6.03
177,kasama,ZM,2023-01-29 23:37:34,-9.6932,31.1094,97,88,66.2,1.05
178,guilin,CN,2023-01-30 05:37:35,25.7798,110.3498,0,14,59.25199999999998,2.37
179,kailua,US,2023-01-29 11:37:35,22.7746,-156.5708,100,78,71.45600000000003,9.03
180,suba,PH,2023-01-30 05:37:36,10.6766,120.6854,97,86,78.566,14.03
181,labuhan,ID,2023-01-30 03:37:36,-22.7342,91.5925,73,79,73.94000000000003,9.84
182,vao,NC,2023-01-30 08:37:36,-25.8272,170.2837,4,80,75.57799999999997,3.49
183,isangel,VU,2023-01-30 08:37:37,-18.7551,169.9343,100,72,83.13800000000005,1.18
184,kavaratti,IN,2023-01-30 01:37:37,10.3468,63.097,51,54,77.39600000000004,5.41
185,jamestown,SH,2023-01-29 20:37:38,-12.5793,-10.131,7,73,75.63200000000002,5.38
186,skalistyy,RU,2023-01-29 23:37:38,71.1714,33.0205,62,73,36.35600000000003,8.61
187,cherskiy,RU,2023-01-30 08:37:39,79.1003,164.6571,100,100,-9.18399999999999,3.44
188,fort saint john,CA,2023-01-29 14:37:39,56.2442,-121.9764,32,95,-3.442,1.77
189,port lincoln,AU,2023-01-30 06:37:39,-42.3135,131.262,94,79,58.31600000000001,11.76
190,scarborough,TT,2023-01-29 17:37:40,10.604,-60.1681,7,65,77.86400000000003,5.2
191,san ignacio,BO,2023-01-29 17:37:40,-15.4991,-61.3904,98,100,68.45,1.18
192,termiz,UZ,2023-01-30 02:07:41,37.2542,67.0528,73,55,39.74000000000002,2.27
193,morant bay,JM,2023-01-29 16:37:41,16.0724,-75.9525,15,79,78.92599999999999,10.17
194,sulingen,DE,2023-01-29 22:37:42,52.7258,8.9281,98,82,43.06999999999996,9.04
195,ulaanbaatar,MN,2023-01-30 05:37:42,48.717,106.3875,53,78,11.516000000000009,0.36
196,nizhneyansk,RU,2023-01-30 06:37:42,83.7569,138.0525,78,100,-23.22400000000001,4.28
197,ugoofaaru,MV,2023-01-30 02:37:43,6.2021,67.5798,100,71,79.39399999999998,6.99
198,samana,DO,2023-01-29 16:37:43,20.0468,-68.5443,12,74,77.82799999999997,9.66
199,saleaula,WS,2023-01-29 10:37:44,-0.4389,-166.4039,3,79,79.43000000000004,6.39
200,nola,CF,2023-01-29 22:37:44,2.8579,16.2315,97,79,73.74199999999999,0.52
201,coquimbo,CL,2023-01-29 15:37:45,-26.8896,-84.2054,81,67,70.66400000000004,7.52
202,upernavik,GL,2023-01-29 18:37:45,72.6656,-54.2771,92,61,0.013999999999981583,3.5
203,hobart,AU,2023-01-30 05:37:45,-75.8083,135.738,66,86,-19.174000000000014,2.87
204,bonavista,CA,2023-01-29 18:37:46,52.9539,-50.446,100,75,18.661999999999956,15.66
205,bend,US,2023-01-29 13:37:46,43.7289,-121.5366,0,74,8.258000000000003,0.89
206,nanortalik,GL,2023-01-29 18:37:47,50.1043,-42.5946,100,57,36.37400000000001,16.88
207,sibolga,ID,2023-01-30 03:37:47,-2.4398,94.612,91,76,82.30999999999997,8.45
208,surt,LY,2023-01-29 23:37:48,31.086,17.3028,1,56,52.30399999999995,6.99
209,saint-joseph,RE,2023-01-30 01:37:48,-25.8064,54.4623,100,85,80.50999999999999,8.7
210,thinadhoo,MV,2023-01-30 01:37:48,-0.034,67.3998,99,71,81.68000000000004,5.43
211,anori,BR,2023-01-29 17:37:49,-3.0493,-61.4997,100,97,72.35600000000002,1.15
212,praya,ID,2023-01-30 05:37:49,-9.7404,115.7687,100,81,81.51799999999999,6.26
213,cidreira,BR,2023-01-29 19:37:50,-41.1189,-36.176,1,59,62.11400000000003,2.79
214,beyneu,KZ,2023-01-30 02:37:50,44.9215,56.7368,8,67,31.801999999999975,5.7
215,otavi,NA,2023-01-29 23:37:51,-19.2949,17.1976,79,70,70.64600000000004,2.2
216,kodiak,US,2023-01-29 11:37:51,48.2064,-147.0047,100,97,47.498000000000026,10.77
217,luzhou,CN,2023-01-30 05:37:51,28.9266,105.4735,0,36,60.656000000000034,0.83
218,tezu,IN,2023-01-30 05:37:52,32.6951,97.4787,3,25,38.33599999999997,3.57
219,faanui,PF,2023-01-30 11:37:52,-9.8754,-149.4291,5,74,81.78800000000004,8.01
220,lazaro cardenas,MX,2023-01-29 14:37:53,14.3219,-104.0276,0,66,81.68000000000004,2.63
221,chernyshevskiy,RU,2023-01-30 06:37:53,62.5531,112.3082,100,96,-4.054000000000002,3.65
222,pevek,RU,2023-01-30 09:37:54,84.0413,173.7268,100,97,-22.324000000000012,3.14
223,jishou,CN,2023-01-30 05:37:54,28.0385,109.795,0,26,57.524000000000015,1.72
224,la ronge,CA,2023-01-29 14:37:54,60.6972,-105.9407,10,95,-22.216000000000008,5.54
225,pisco,PE,2023-01-29 15:37:55,-24.4315,-93.2315,1,75,72.734,7.22
226,gamba,GA,2023-01-29 21:37:55,-7.8818,1.627,74,70,80.18599999999998,2.35
227,biltine,TD,2023-01-29 22:37:56,14.1612,21.3812,52,15,73.63399999999999,4.48
228,torbay,CA,2023-01-29 18:37:56,44.961,-46.793,32,70,39.95600000000003,6.18
229,chabahar,IR,2023-01-30 01:37:57,24.6485,59.8654,0,54,69.72799999999997,1.7
230,okhotsk,RU,2023-01-30 07:37:57,60.1572,145.4458,100,83,2.0119999999999543,4.23
231,shirokiy,RU,2023-01-30 08:37:57,64.3647,148.0508,100,99,-11.362000000000009,2.98
232,puerto ayora,EC,2023-01-29 14:37:58,-8.2306,-100.2816,51,77,76.69399999999997,6.24
233,biak,ID,2023-01-30 06:37:58,0.2929,138.7782,30,77,81.37400000000002,3.16
234,cartagena,PH,2023-01-30 05:37:59,9.6632,121.6129,98,86,79.91600000000001,11.94
235,oussouye,SN,2023-01-29 20:37:59,11.5744,-19.3009,76,64,74.066,8.32
236,kieta,PG,2023-01-30 08:38:00,0.0117,160.0725,40,75,82.976,7.94
237,cairo,EG,2023-01-29 23:38:00,29.8746,31.4947,14,76,50.50399999999995,3.67
238,sambava,MG,2023-01-30 01:38:00,-12.1192,55.4371,79,70,83.39000000000001,2.61
239,hauterive,CA,2023-01-29 16:38:01,50.2103,-68.774,100,97,-2.109999999999978,0.46
240,korla,CN,2023-01-30 05:38:01,39.4847,86.6359,62,21,28.327999999999964,1.8
241,santa rosa,AR,2023-01-29 18:38:02,-38.4591,-64.5372,0,42,73.868,6.09
242,uchiza,PE,2023-01-29 16:38:02,-8.5978,-76.3941,100,97,68.39600000000004,0.68
243,paamiut,GL,2023-01-29 17:38:03,59.9592,-53.9376,100,89,23.19800000000002,17.32
244,aktash,UZ,2023-01-30 02:38:03,40.0457,66.0502,99,58,39.74000000000002,2.77
245,knysna,ZA,2023-01-29 23:38:04,-36.7623,23.0701,100,59,65.51600000000002,6.09
246,thompson,CA,2023-01-29 14:38:04,67.915,-96.306,100,98,-23.404000000000003,5.35
247,dubbo,AU,2023-01-30 08:38:04,-30.5048,147.1658,100,91,70.88000000000005,1.33
248,east london,ZA,2023-01-30 10:38:05,-86.134,58.62,22,91,-32.205999999999975,4.03
249,kidal,ML,2023-01-29 21:38:05,16.4831,2.2583,93,8,58.53200000000002,4.37
250,siemiatycze,PL,2023-01-29 22:38:06,52.6097,22.895,100,88,30.01999999999996,8.79
251,vardo,NO,2023-01-29 23:38:06,83.0428,36.9327,88,100,-20.217999999999982,7.11
252,luderitz,NA,2023-01-29 22:38:07,-27.9255,13.6133,2,73,67.85600000000002,9.26
253,geraldton,AU,2023-01-30 03:38:07,-34.9017,89.0906,81,73,68.46799999999999,2.64
254,halalo,WF,2023-01-30 09:38:08,-13.5317,-176.4054,93,75,83.33599999999997,5.41
255,muzhi,RU,2023-01-30 02:38:08,65.5027,62.7478,100,97,-3.225999999999992,0.94
256,kaitangata,NZ,2023-01-30 10:38:09,-75.5207,176.6368,100,69,28.706000000000028,2.58
257,coffs harbour,AU,2023-01-30 07:38:09,-30.1561,154.4703,92,72,75.05600000000004,6.7
258,karratha,AU,2023-01-30 05:38:09,-17.0315,113.5262,75,74,82.13000000000005,4.73
259,porto torres,IT,2023-01-29 22:38:10,41.2364,7.4463,5,63,51.943999999999974,7.19
260,swellendam,ZA,2023-01-29 23:38:11,-34.2809,20.8294,97,60,66.65,8.53
261,padang,ID,2023-01-30 03:38:11,-10.5912,87.9382,95,72,81.69800000000004,1.96
262,nome,US,2023-01-29 12:38:12,68.7577,-165.6274,98,100,17.54600000000005,1.54
263,buchanan,LR,2023-01-29 20:38:12,1.9904,-12.13,91,71,80.38399999999999,1.33
264,novikovo,RU,2023-01-30 07:38:12,45.8518,145.1374,60,59,23.48599999999997,5.81
265,palembang,ID,2023-01-30 04:38:13,-3.2174,105.3259,100,76,82.81400000000004,3.21
266,viedma,AR,2023-01-29 17:38:13,-44.5689,-59.1242,0,82,62.40199999999997,13.12
267,yangambi,CD,2023-01-29 23:38:14,0.7487,23.9467,98,80,72.44600000000005,2.26
268,lorengau,PG,2023-01-30 07:38:14,1.6441,146.3454,89,76,83.10199999999998,4.48
269,arti,RU,2023-01-30 02:38:15,56.2674,58.7665,99,95,8.527999999999963,3.47
270,illoqqortoormiut,GL,2023-01-29 18:38:15,81.062,-28.2326,14,70,-17.950000000000003,4.51
271,wankaner,IN,2023-01-30 03:08:16,22.6498,70.9059,0,36,72.59000000000003,3.38
272,kawalu,ID,2023-01-30 04:38:16,-16.2411,106.0858,94,75,78.42200000000004,6.67
273,poronaysk,RU,2023-01-30 07:38:17,48.2505,144.5359,32,90,7.25,2.33
274,batagay-alyta,RU,2023-01-30 06:38:17,66.2716,128.525,22,98,-30.92800000000002,0.61
275,auki,SB,2023-01-30 08:38:18,-3.5282,164.0879,100,79,82.00399999999996,5.21
276,ishigaki,JP,2023-01-30 05:38:18,21.9671,124.2016,1,61,66.07400000000001,9.68
277,sisimiut,GL,2023-01-29 17:38:19,68.3024,-58.3501,100,99,-12.046,6.61
278,ola,RU,2023-01-30 08:38:19,59.4886,152.4351,100,94,7.519999999999957,3.09
279,tres arroyos,AR,2023-01-29 17:38:20,-40.3338,-60.1314,0,67,70.96999999999997,12.95
280,belgrade,US,2023-01-29 14:38:20,45.8543,-111.5232,25,76,-7.9059999999999775,1.79
281,ponta do sol,CV,2023-01-29 19:38:20,16.1109,-35.7325,92,78,72.91400000000004,7.52
282,mahebourg,MU,2023-01-30 02:38:21,-37.2282,69.6246,100,79,68.59399999999997,3.06
283,concepcion del uruguay,AR,2023-01-29 18:38:22,-32.3423,-58.3467,66,72,72.28399999999999,3.74
284,sorvag,FO,2023-01-29 20:38:22,63.3995,-9.4006,100,64,33.36799999999998,11.41
285,tamiahua,MX,2023-01-29 15:38:22,22.2951,-94.7297,2,87,75.16400000000004,4.97
286,am timan,TD,2023-01-29 22:38:23,12.2446,21.0877,95,16,77.75600000000003,2.58
287,buala,SB,2023-01-30 08:38:23,-1.7632,161.2235,50,78,81.40999999999998,5.05
288,kungurtug,RU,2023-01-30 05:38:24,51.0146,98.5597,100,77,6.385999999999967,6.47
289,mao,TD,2023-01-29 22:38:24,15.9662,16.2802,70,13,73.868,3.44
290,carnarvon,AU,2023-01-30 04:38:25,-28.5134,105.4749,99,74,69.22400000000002,9.95
291,goderich,SL,2023-01-29 20:38:25,7.0511,-15.7874,74,81,79.57400000000001,4.3
292,grand forks,US,2023-01-29 15:38:26,47.5828,-97.409,39,88,-15.016000000000012,4.52
293,louisbourg,CA,2023-01-29 17:38:26,45.497,-58.6002,100,86,38.96600000000001,12.04
294,lavrentiya,RU,2023-01-29 12:38:27,62.6246,-168.9635,100,98,32.719999999999956,7.55
295,itarema,BR,2023-01-29 18:38:27,-0.1492,-39.6498,1,76,80.38399999999999,5.29
296,troitsko-pechorsk,RU,2023-01-30 00:38:28,62.4782,55.8181,99,94,12.901999999999976,3.54
297,masallatah,LY,2023-01-29 22:38:28,32.9465,14.1585,56,69,55.814000000000036,9.7
298,fukue,JP,2023-01-30 06:38:29,33.1594,128.1009,7,57,44.88800000000005,8.96
299,suluq,LY,2023-01-29 23:38:29,31.2552,21.8021,1,67,48.25399999999995,3.66
300,zhangjiakou,CN,2023-01-30 05:38:30,42.4551,114.3422,0,53,22.982000000000014,7.03
301,kodinsk,RU,2023-01-30 04:38:30,60.0666,99.3416,100,92,10.166000000000007,3.01
302,sao jose da coroa grande,BR,2023-01-29 19:38:30,-10.3575,-31.6808,47,68,80.50999999999999,6.97
303,fortuna,US,2023-01-29 12:38:31,35.1125,-140.6948,1,76,58.38800000000005,6.25
304,atasu,KZ,2023-01-30 03:38:31,48.9408,71.7414,2,76,8.47400000000001,2.26
305,halifax,CA,2023-01-29 17:38:32,39.0341,-60.8364,100,66,61.7,8.13
306,boende,CD,2023-01-29 22:38:32,-1.7014,21.0212,100,91,69.00800000000001,1.94
307,broome,AU,2023-01-30 05:38:32,-17.497,123.1818,78,53,92.42599999999999,4.2
308,nyurba,RU,2023-01-30 06:38:33,66.6267,116.8596,97,98,-27.021999999999984,2
309,kasongo-lunda,CD,2023-01-29 22:38:33,-7.1494,17.4171,97,97,66.88399999999999,0.82
310,punta gorda,US,2023-01-29 16:38:34,26.9465,-82.0715,0,89,71.924,3.58
311,shihezi,CN,2023-01-30 05:38:34,43.3831,85.9768,57,48,13.640000000000018,1.2
312,san carlos de bariloche,AR,2023-01-29 18:38:35,-42.2971,-68.913,7,31,68.48599999999996,2.47
313,port macquarie,AU,2023-01-30 07:38:35,-33.1727,157.3441,100,73,72.66199999999995,4.26
314,boca do acre,BR,2023-01-29 17:38:35,-8.7045,-66.0194,95,99,71.56400000000004,0.97
315,chulym,RU,2023-01-30 04:38:36,55.7216,81.336,99,91,12.253999999999952,4.34
316,ketchikan,US,2023-01-29 13:38:36,57.8662,-129.6785,65,89,10.309999999999977,1.38
317,nova odesa,UA,2023-01-29 23:38:37,47.4257,31.9991,9,82,25.375999999999987,2.01
318,saint-pierre,PM,2023-01-29 17:38:37,42.5276,-55.7518,97,75,48.95600000000003,8.23
319,ciudad bolivar,VE,2023-01-29 17:38:38,5.876,-63.4048,31,80,65.37200000000004,1.25
320,codrington,AG,2023-01-29 18:38:38,25.538,-51.4358,57,75,73.68800000000005,8.01
321,andenes,NO,2023-01-29 22:38:38,73.2286,15.0329,100,66,38.28200000000002,13.06
322,redlands,US,2023-01-29 14:38:39,39.4817,-109.6363,100,92,20.803999999999952,1.74
323,zyryanka,RU,2023-01-30 08:38:39,65.8558,148.2164,100,99,-12.945999999999998,2.81
324,banjarmasin,ID,2023-01-30 04:38:40,-4.8229,113.034,100,89,79.53800000000004,8.07
325,tefe,BR,2023-01-29 17:38:40,-4.4156,-65.4888,99,99,71.40199999999999,0.72
326,kropotkin,RU,2023-01-30 05:38:41,57.5525,115.4315,100,86,6.872000000000035,1.24
327,rio grande,BR,2023-01-29 18:38:41,-41.3001,-41.3606,0,63,64.72400000000002,3.49
328,mosquera,CO,2023-01-29 16:38:41,2.514,-78.852,100,81,79.17799999999997,2.12
329,kaoma,ZM,2023-01-29 23:38:42,-15.084,24.1446,100,90,65.65999999999998,1.8
330,san rafael,BO,2023-01-29 17:38:42,-16.9616,-60.296,92,99,70.50199999999998,1.72
331,fuyang,CN,2023-01-30 05:38:43,33.146,116.1031,0,23,57.50600000000003,3.99
332,mandurah,AU,2023-01-30 04:38:43,-32.0127,112.4581,1,87,67.35199999999998,12.9
333,ensenada,MX,2023-01-29 13:38:44,32.185,-116.4061,97,92,42.49399999999997,6.03
334,puerto del rosario,ES,2023-01-29 22:38:44,26.8771,-12.3431,7,82,48.97400000000002,3.2
335,praia,CV,2023-01-29 20:38:45,9.8035,-22.2857,82,71,76.02799999999996,8.33
336,dingle,IE,2023-01-29 20:38:45,48.2502,-18.1447,100,67,54.23000000000005,4.7
337,rubtsovsk,RU,2023-01-30 04:38:46,51.5147,81.1682,47,91,8.185999999999968,3.26
338,bonnyville,CA,2023-01-29 14:38:46,56.3668,-111.0708,84,97,-1.6059999999999803,3.27
339,brewster,US,2023-01-29 16:38:46,42.1985,-69.915,100,83,46.274000000000015,7.89
340,namibe,AO,2023-01-29 21:38:47,-16.946,3.4055,99,78,73.77799999999996,7.72
341,sunrise manor,US,2023-01-29 13:38:47,37.8765,-115.0892,99,86,31.801999999999975,1.3
342,sorland,NO,2023-01-29 21:38:48,73.7927,5.2063,100,76,33.11600000000001,15.48
343,asilah,MA,2023-01-29 22:38:48,35.7027,-6.2211,1,69,52.17799999999997,11.54
344,hasaki,JP,2023-01-30 08:38:49,22.4696,157.663,6,78,78.04399999999998,6.01
345,dibaya,CD,2023-01-29 23:38:49,-6.6077,22.5649,100,96,66.46999999999997,1.2
346,port blair,IN,2023-01-30 03:08:50,10.2893,92.342,85,77,81.37400000000002,10.21
347,lihula,EE,2023-01-29 23:38:50,58.6946,23.8587,100,92,37.219999999999956,6.38
348,ballina,AU,2023-01-30 08:38:51,-31.2367,160.1331,98,72,72.08599999999997,5.6
349,atar,MR,2023-01-29 21:38:51,22.2045,-11.7302,43,54,50.45,3.07
350,ushtobe,KZ,2023-01-30 03:38:51,45.792,77.1966,11,79,12.34399999999997,4.95
351,manaure,CO,2023-01-29 16:38:52,14.1507,-72.854,16,78,78.15199999999999,10.18
352,ukiah,US,2023-01-29 12:38:52,35.0129,-130.8351,37,63,53.708000000000006,12.47
353,bowen,AU,2023-01-30 07:38:53,-16.539,151.637,96,73,82.66999999999996,7.02
354,hithadhoo,MV,2023-01-30 03:38:53,-16.8943,84.3132,32,64,79.88000000000005,6.8
355,rocha,UY,2023-01-29 17:38:53,-35.379,-53.759,82,79,73.292,7.78
356,makakilo city,US,2023-01-29 10:38:54,7.5415,-165.8886,5,75,78.54800000000003,4.6
357,loa janan,ID,2023-01-30 05:38:54,-0.3347,116.4708,93,68,86.05399999999995,1.83
358,flinders,AU,2023-01-30 06:38:55,-33.8548,130.0456,73,59,65.03000000000004,2.08
359,la rioja,AR,2023-01-29 18:38:55,-29.3671,-68.4291,87,69,60.656000000000034,1.19
360,petropavlovsk-kamchatskiy,RU,2023-01-30 08:38:56,50.9639,158.8719,99,79,28.97599999999999,20.35
361,salaya,IN,2023-01-30 03:08:56,22.4966,69.6366,0,50,67.49600000000005,2.74
362,krasnoselkup,RU,2023-01-30 02:38:56,62.6396,83.713,63,96,-7.81600000000001,1.11
363,half moon bay,US,2023-01-29 12:38:57,33.8323,-129.2413,36,61,54.55399999999995,12.93
364,ayan,RU,2023-01-30 06:38:57,57.0903,140.0764,100,80,-4.521999999999984,6.96
365,qurbah,TN,2023-01-29 22:38:58,36.4773,11.1603,96,80,48.811999999999955,8.39
366,linkoping,SE,2023-01-29 22:38:58,58.5027,15.7524,0,75,39.72200000000004,10.8
367,port hedland,AU,2023-01-30 05:38:59,-18.7467,119.9668,87,72,85.15399999999995,2.13
368,jiddah,SA,2023-01-30 00:38:59,22.9231,38.281,1,69,78.16999999999996,3.7
369,antofagasta,CL,2023-01-29 16:39:00,-23.457,-78.1463,100,77,68.0,6.78
370,vrangel,RU,2023-01-30 06:39:00,41.0533,133.2797,59,60,23.14399999999997,10.53
371,zhoucheng,CN,2023-01-30 05:39:01,24.089,102.7242,0,30,63.21199999999996,2.26
372,patiya,BD,2023-01-30 03:39:01,22.0254,91.4622,64,62,79.142,3.42
373,taltal,CL,2023-01-29 16:39:02,-26.0432,-72.65,58,75,65.67799999999997,5.01
374,sharjah,AE,2023-01-30 01:39:03,25.2368,56.9396,1,53,68.75600000000003,2.08
375,north bend,US,2023-01-29 13:39:05,44.2288,-127.4947,5,62,43.98800000000004,9.49
376,amatlan,MX,2023-01-29 15:39:08,16.3847,-96.4018,1,83,57.182000000000016,0.6
377,seymchan,RU,2023-01-30 08:39:08,62.9606,153.1619,100,98,-19.012000000000008,3.78
378,orlik,RU,2023-01-30 05:39:11,53.2683,99.5762,91,62,11.533999999999992,6.1
379,synya,RU,2023-01-30 00:39:12,64.0057,59.2854,100,97,6.872000000000035,1.92
380,pierre,US,2023-01-29 14:39:13,44.9542,-101.3314,31,86,-5.763999999999982,3.69
381,oistins,BB,2023-01-29 17:39:14,11.4911,-58.0829,6,66,77.37799999999996,5.55
382,marrakesh,MA,2023-01-29 22:39:14,31.8893,-6.7839,3,53,35.99600000000005,2.53
383,cordoba,AR,2023-01-29 18:39:15,-30.8242,-63.8878,88,57,72.51799999999999,3.82
384,sahiwal,PK,2023-01-30 02:39:15,30.6343,73.255,43,83,60.674000000000014,2.42
385,westport,IE,2023-01-29 21:39:16,56.2646,-13.2348,94,63,47.372000000000035,7.69
386,shelby,US,2023-01-29 16:39:16,35.4438,-81.4697,100,73,46.417999999999985,0.78
387,nikel,RU,2023-01-30 00:39:17,68.7636,29.8247,100,100,4.243999999999971,1.03
388,ilinskiy,RU,2023-01-30 02:39:17,58.8273,55.3837,100,95,6.332000000000015,3.77
389,sao goncalo,BR,2023-01-29 18:39:18,-22.8031,-43.1006,75,88,80.29399999999998,3.09
390,bacabal,BR,2023-01-29 18:39:18,-4.282,-44.7326,47,98,71.27599999999998,1.48
391,mogoytuy,RU,2023-01-30 06:39:19,51.3941,114.9872,100,89,9.553999999999949,1.12
392,clyde river,CA,2023-01-29 16:39:19,67.4208,-70.0492,100,88,-31.27000000000001,1.73
393,kantang,TH,2023-01-30 04:39:20,7.2802,99.3735,94,67,87.38599999999997,5.69
394,rawatbhata,IN,2023-01-30 03:09:20,25.0572,75.5304,60,48,66.16400000000004,1.71
395,sunnyside,US,2023-01-29 13:39:21,46.7433,-119.9241,2,52,22.801999999999975,1.24
396,praia da vitoria,PT,2023-01-29 20:39:21,46.6734,-22.067,97,69,55.59800000000003,4.33
397,havoysund,NO,2023-01-29 23:39:22,78.645,25.1207,100,96,11.89399999999997,9.78
398,chimoio,MZ,2023-01-29 23:39:22,-19.6207,33.0048,22,75,73.94000000000003,1.53
399,alta floresta,BR,2023-01-29 18:39:23,-8.9854,-54.0919,93,99,68.84600000000006,0.17
400,peterhead,GB,2023-01-29 21:39:23,58.3393,0.3729,71,77,44.15,16.1
401,yantal,RU,2023-01-30 05:39:24,57.1715,105.1294,100,91,14.269999999999957,3.82
402,ancud,CL,2023-01-29 16:39:24,-42.1037,-82.0471,47,64,56.26400000000004,8.77
403,frankfurt,DE,2023-01-29 22:39:25,52.5305,14.4541,100,79,35.83399999999999,9.31
404,puerto carreno,CO,2023-01-29 17:39:25,7.2196,-66.9855,8,66,74.82200000000003,3.88
405,merauke,ID,2023-01-30 06:39:26,-9.9629,138.5146,88,73,83.67799999999997,2.29
406,sovetskaya gavan,RU,2023-01-30 08:39:26,47.796,140.4879,97,71,14.95399999999995,3.07
407,nguiu,AU,2023-01-30 06:39:27,-8.1879,129.6104,100,69,83.62400000000002,2.11
408,honningsvag,NO,2023-01-29 22:39:27,78.9076,26.4929,100,97,11.516000000000009,9.74
409,victoria,SC,2023-01-30 01:39:28,-3.9173,60.1989,99,70,81.608,6.9
410,paragominas,BR,2023-01-29 18:39:28,-2.7305,-46.9686,100,99,71.11400000000003,0.63
411,bismarck,US,2023-01-29 15:39:29,47.132,-100.5379,76,96,-8.536000000000023,2.89
412,manuk mangkaw,PH,2023-01-30 05:39:29,4.0737,120.0513,95,73,81.85999999999999,1.28
413,tiksi,RU,2023-01-30 06:39:30,84.1268,131.1135,93,100,-22.54000000000002,4.01
414,nouadhibou,MR,2023-01-29 22:39:30,23.8676,-15.5174,93,62,55.63399999999999,4.59
415,moron,MN,2023-01-30 05:39:31,47.1091,98.8539,55,70,8.761999999999954,1.87
416,staryy nadym,RU,2023-01-30 02:39:31,66.7681,73.1278,100,93,-2.4339999999999904,5.99
417,palestine,US,2023-01-29 15:39:32,31.2718,-96.0696,29,95,40.36999999999996,5.32
418,karaul,RU,2023-01-30 04:39:32,73.2605,83.9888,81,99,-31.432000000000016,2.1
419,maragogi,BR,2023-01-29 19:39:33,-16.9962,-24.8053,2,72,76.96400000000003,6.16
420,we,NC,2023-01-30 08:39:33,-19.5514,167.7342,100,72,82.72400000000002,2.44
421,ilhabela,BR,2023-01-29 18:39:34,-27.3736,-42.8152,22,86,78.76400000000004,7.52
422,aklavik,CA,2023-01-29 12:39:34,71.3843,-136.1245,88,98,-20.77599999999999,3.31
423,neustadt,DE,2023-01-29 22:39:35,49.7964,10.476,100,81,32.0,7.7
424,ornes,NO,2023-01-29 22:39:35,67.0747,13.7811,100,79,31.73000000000004,6.21
425,san cristobal,EC,2023-01-29 15:39:36,-9.7307,-89.3153,5,78,77.01799999999999,7.32
426,kanash,RU,2023-01-30 00:39:36,55.4118,47.5622,100,95,20.299999999999997,3.83
427,severo-yeniseyskiy,RU,2023-01-30 04:39:36,61.6545,93.1401,99,93,6.40399999999995,1.36
428,gat,LY,2023-01-29 22:39:37,26.5384,6.8532,0,36,39.43399999999999,1.38
429,raudeberg,NO,2023-01-29 21:39:37,64.1608,2.8808,100,64,36.96799999999998,16.45
430,south lake tahoe,US,2023-01-29 13:39:38,38.0465,-119.9525,75,85,19.219999999999956,5.14
431,benoy,TD,2023-01-29 22:39:38,8.9084,16.3086,3,19,75.72200000000004,1.27
432,tangjiazhuang,CN,2023-01-30 05:39:38,40.1564,118.675,0,27,40.04600000000005,3.1
433,nangal,IN,2023-01-30 03:09:39,31.3701,76.4369,98,61,60.36799999999998,2.21
434,flin flon,CA,2023-01-29 15:39:39,55.2244,-102.0608,100,96,-13.594000000000023,2.59
435,noumea,NC,2023-01-30 08:39:39,-25.7994,165.2364,8,70,74.35399999999996,3.83
436,dzerzhinskoye,RU,2023-01-30 04:39:40,56.6437,95.159,100,77,16.051999999999975,6.21
437,port moresby,PG,2023-01-30 07:39:40,-13.1359,147.8258,99,78,83.858,5.88
438,asosa,ET,2023-01-29 23:39:41,10.5408,33.0566,70,20,83.42599999999999,2.99
439,hobyo,SO,2023-01-30 00:39:41,1.7449,50.5371,41,74,78.458,7.68
440,atyrau,KZ,2023-01-30 02:39:42,47.5205,51.7063,74,76,17.81600000000001,4.13
441,abnub,EG,2023-01-29 23:39:42,27.313,29.8691,37,69,54.14000000000002,6.09
442,yanai,JP,2023-01-30 06:39:42,33.655,132.0748,9,47,46.688000000000045,10.3
443,marystown,CA,2023-01-29 18:39:43,46.5316,-54.5838,100,67,32.54000000000002,5.44
444,neiafu,TO,2023-01-29 10:39:43,-19.594,-172.0853,38,72,83.11999999999996,2.84
445,tamale,GH,2023-01-29 21:39:44,9.3706,-1.3393,29,15,75.2,2.41
446,mangrol,IN,2023-01-30 01:39:44,17.3398,65.9232,62,61,73.23800000000006,7.56
447,samusu,WS,2023-01-29 10:39:45,-8.0714,-164.5154,4,78,80.76199999999996,6.85
448,avera,PF,2023-01-29 11:39:45,-21.9967,-154.7695,100,77,79.01600000000002,3.02
449,mareeba,AU,2023-01-30 07:39:45,-16.469,142.9453,100,47,92.78599999999997,2.37
450,tubuala,PA,2023-01-29 16:39:46,11.2949,-79.0167,92,77,79.10600000000002,10.57
451,kenai,US,2023-01-29 12:39:46,61.7514,-151.2423,100,98,23.07200000000004,1.28
452,sabang,ID,2023-01-30 03:09:47,7.5821,93.6586,84,82,80.49199999999999,9.2
453,viamao,BR,2023-01-29 18:39:47,-30.1335,-50.8238,0,95,76.316,0.79
454,vestmannaeyjar,IS,2023-01-29 20:39:47,59.6667,-18.1869,100,62,44.24000000000002,7.16
455,riyadh,SA,2023-01-30 00:39:48,26.4172,47.0322,31,43,62.58200000000002,5.69
456,kuche,CN,2023-01-30 05:39:48,39.5041,84.4139,96,27,28.34600000000005,1.58
457,akdepe,TM,2023-01-30 02:39:49,40.6595,58.3762,98,50,34.969999999999956,2.72
458,opuwo,NA,2023-01-29 22:39:49,-19.6704,8.6874,97,80,70.71799999999999,7.81
459,nortelandia,BR,2023-01-29 17:39:49,-12.4736,-57.273,94,99,69.22400000000002,0.12
460,jumla,NP,2023-01-30 05:39:50,31.2045,84.5423,0,16,26.635999999999967,13.45
461,sirohi,IN,2023-01-30 03:09:50,25.0467,72.8579,0,33,71.52799999999996,0.93
462,tarakan,ID,2023-01-30 05:39:51,2.1421,118.7375,81,79,80.924,3.28
463,otane,NZ,2023-01-30 09:39:51,-42.7559,179.3183,31,90,65.94800000000004,10.2
464,mwanza,MW,2023-01-29 23:39:52,-15.3857,34.8005,97,87,76.24399999999997,0.34
465,gravdal,NO,2023-01-29 22:39:52,72.7749,11.4888,100,85,36.98599999999997,15.34
466,husavik,IS,2023-01-29 21:39:53,80.0964,-7.3716,99,94,-12.85599999999998,11.28
467,sawakin,SD,2023-01-29 23:39:53,20.3559,36.7343,8,74,66.86600000000001,1.91
468,grindavik,IS,2023-01-29 19:39:53,51.3939,-23.9431,69,87,51.943999999999974,15.04
469,papara,PF,2023-01-29 11:39:54,-18.6942,-149.9365,27,77,80.78000000000004,3.72
470,strezhevoy,RU,2023-01-30 02:39:54,62.3267,80.211,37,97,-14.098000000000027,1.2
471,terra rica,BR,2023-01-29 17:39:54,-22.3096,-52.6805,68,96,71.94200000000001,0.73
472,narsaq,GL,2023-01-29 17:39:55,75.4367,-65.5218,97,99,-14.458000000000006,4.41
473,nalut,LY,2023-01-29 23:39:55,30.0862,10.7629,0,48,37.508,1.04
474,barahona,DO,2023-01-29 17:39:56,17.204,-71.1148,6,76,78.11600000000001,12.49
475,acapulco,MX,2023-01-29 14:39:56,3.3044,-104.4071,61,80,78.90800000000002,6.96
476,khon buri,TH,2023-01-30 04:39:56,14.5381,102.0605,93,25,76.44200000000001,5.13
477,yirol,SD,2023-01-29 23:39:57,6.7457,31.1815,62,17,88.41199999999995,1.66
478,mehran,IR,2023-01-30 00:39:57,31.7756,46.0827,78,58,59.99000000000002,6.97
479,quatre cocos,MU,2023-01-30 02:39:58,-17.2935,69.4862,49,77,80.79800000000003,7.28
480,sur,OM,2023-01-30 01:39:58,14.1419,62.7636,100,63,74.33599999999997,6.97
481,powell river,CA,2023-01-29 13:39:58,50.2171,-124.4658,4,76,14.072000000000035,1.59
482,katobu,ID,2023-01-30 05:39:59,-5.2271,125.4014,92,73,83.46199999999996,2.62
483,kpandae,GH,2023-01-29 21:39:59,7.9794,0.1502,80,66,81.48200000000003,1.44
484,totma,RU,2023-01-30 00:40:00,59.9847,42.9346,100,94,15.67400000000001,4.13
485,vila franca do campo,PT,2023-01-29 20:40:00,37.9597,-24.0343,67,74,57.91999999999996,7.99
486,lata,SB,2023-01-30 08:40:01,-10.0517,166.6686,100,75,81.10399999999996,1.31
487,mount isa,AU,2023-01-30 07:10:01,-18.4379,136.9449,99,37,95.46799999999999,3.46
488,sheregesh,RU,2023-01-30 04:40:02,53.2709,87.8386,100,93,15.925999999999988,4.59
489,longview,US,2023-01-29 13:40:02,46.1894,-123.0914,0,71,31.388000000000044,0
490,santa marta,CO,2023-01-29 16:40:03,11.2596,-74.1378,19,69,78.80000000000001,4.12
491,armacao dos buzios,BR,2023-01-29 19:40:03,-26.1625,-36.1663,0,82,77.43200000000002,5.53
492,kalininsk,RU,2023-01-30 01:40:04,51.6721,44.2094,100,96,24.35,4.26
493,batemans bay,AU,2023-01-30 07:40:05,-38.8334,153.4135,100,84,68.66600000000001,3.73
494,alotau,PG,2023-01-30 07:40:06,-11.0808,149.4163,61,76,84.50600000000003,8.06
495,shenjiamen,CN,2023-01-30 05:40:06,29.5283,123.4693,0,45,50.45,3.17
496,mehamn,NO,2023-01-29 23:40:07,73.4778,27.9967,99,71,35.22200000000004,5.78
497,maceio,BR,2023-01-29 19:40:09,-12.7377,-31.7479,9,76,79.26799999999999,7.01
498,pustoshka,RU,2023-01-30 00:40:09,56.3617,29.4401,100,96,30.956000000000028,6.72
499,domodossola,IT,2023-01-29 22:40:10,46.2719,8.3004,47,52,37.45399999999995,4.47
500,naze,JP,2023-01-30 06:40:10,20.9565,140.753,74,84,74.35399999999996,9.5
501,ahipara,NZ,2023-01-30 08:40:11,-36.1474,166.2501,0,88,69.96199999999996,6.62
502,joshimath,IN,2023-01-30 03:10:11,30.6632,79.8275,100,81,30.182000000000016,5.74
503,norman wells,CA,2023-01-29 14:40:12,60.8961,-129.485,100,95,3.3259999999999863,0.86
504,yellamanchili,IN,2023-01-30 03:40:12,17.0349,83.1156,64,77,77.63000000000005,8.55
505,logansport,US,2023-01-29 16:40:13,41.0352,-86.4166,100,64,28.832000000000015,2.06
506,mujiayingzi,CN,2023-01-30 05:40:13,42.1698,117.5383,1,55,24.008000000000003,5.37
507,varhaug,NO,2023-01-29 21:40:14,56.9536,3.8027,92,80,42.961999999999954,18.31
508,sao felix do xingu,BR,2023-01-29 18:40:14,-6.3028,-53.3754,95,100,69.674,0.32
509,altay,CN,2023-01-30 05:40:15,46.0218,87.7969,93,73,6.385999999999967,0.79
510,senanga,ZM,2023-01-29 23:40:16,-16.0787,24.4488,100,85,66.326,1.59
511,esperance,AU,2023-01-30 05:40:16,-42.9045,122.4876,95,87,56.101999999999975,12.12
512,tarko-sale,RU,2023-01-30 02:40:17,63.3876,79.8501,80,99,-13.774000000000015,2.73
513,coruripe,BR,2023-01-29 19:40:17,-11.2455,-34.7859,1,76,79.88000000000005,6.31
514,primorsk,RU,2023-01-30 00:40:18,60.3841,28.4856,100,98,32.917999999999985,11.45
515,bargal,SO,2023-01-30 00:40:18,10.8201,52.669,65,57,75.27200000000005,7.66
516,vostok,RU,2023-01-30 07:40:19,51.6433,147.8038,100,72,13.766000000000009,12.52
517,mgandu,TZ,2023-01-30 00:40:19,-6.8896,33.5649,82,72,69.51199999999996,2.78
518,pombia,GR,2023-01-29 23:40:20,33.5463,24.552,40,65,57.41600000000001,5.35
519,rawlins,US,2023-01-29 14:40:20,41.5421,-106.5996,100,99,-10.87599999999999,0.19
520,sobolevo,RU,2023-01-30 09:40:21,55.7036,155.4709,100,91,25.843999999999973,12.87
521,los llanos de aridane,ES,2023-01-29 19:40:21,27.0392,-27.7235,100,67,67.67599999999999,6.36
522,puertollano,ES,2023-01-29 22:40:22,38.8308,-4.1136,5,93,28.49000000000002,1.84
523,chara,RU,2023-01-30 06:40:22,56.8585,118.3491,89,79,-1.7679999999999865,0.16
524,lolua,TV,2023-01-30 08:40:23,-7.4825,170.654,72,74,82.976,3.95
525,qasigiannguit,GL,2023-01-29 18:40:23,68.473,-49.6301,100,60,4.135999999999967,9.47
526,kalga,RU,2023-01-30 06:40:23,50.5685,118.5808,80,95,-6.286000000000023,1.37
527,bayan,KW,2023-01-30 00:40:24,29.2432,48.1096,40,74,64.34600000000006,3.09
528,shimoda,JP,2023-01-30 06:40:24,23.2681,141.7321,100,83,66.59600000000006,10.17
529,caravelas,BR,2023-01-29 19:40:25,-19.834,-34.0938,4,73,78.61999999999996,7.08
530,ratnagiri,IN,2023-01-30 03:10:25,16.9392,73.4305,71,46,84.16400000000004,2.55
531,terekli-mekteb,RU,2023-01-30 00:40:26,44.1994,45.8475,100,83,36.71600000000001,2.36
532,kualakapuas,ID,2023-01-30 04:40:26,-2.2971,114.1492,98,89,80.16799999999998,1.54
533,swan hill,AU,2023-01-30 08:40:27,-34.8043,144.3085,17,29,89.63599999999997,4.35
534,at-bashi,KG,2023-01-30 03:40:27,40.7068,75.5027,100,58,13.441999999999997,0.61
535,nabire,ID,2023-01-30 06:40:28,-4.0721,133.762,99,73,83.55199999999998,3.06
536,muromtsevo,RU,2023-01-30 03:40:28,56.4576,75.8287,51,92,9.698000000000025,3.73
537,cadillac,US,2023-01-29 16:40:28,44.7341,-84.4521,69,88,18.608000000000004,2.06
538,grand river south east,MU,2023-01-30 01:40:29,-20.3758,59.9935,76,79,79.826,2.85
539,smithers,CA,2023-01-29 13:40:29,55.3507,-127.2628,56,96,0.8240000000000123,1.11
540,gornopravdinsk,RU,2023-01-30 02:40:30,60.4328,70.1204,99,94,9.95,3.39
541,kampot,KH,2023-01-30 04:40:30,10.4518,103.053,37,51,80.52799999999996,5.29
542,harper,LR,2023-01-29 20:40:31,-0.7782,-10.5349,66,80,79.77200000000005,3.95
543,jaslo,PL,2023-01-29 22:40:32,49.8453,21.4906,78,81,29.048000000000023,5.27
544,mosjoen,NO,2023-01-29 22:40:32,65.4416,12.8752,100,97,32.774000000000015,3.92
545,dongsheng,CN,2023-01-30 05:40:33,41.248,109.6126,1,28,25.951999999999977,6.02
546,kang,BW,2023-01-29 23:40:33,-23.1697,22.9117,89,60,74.40800000000002,5.93
547,ongandjera,NA,2023-01-29 22:40:33,-17.322,14.9303,86,69,70.808,2.37
548,belaya gora,RU,2023-01-30 08:40:34,71.6535,143.7502,67,99,-36.59800000000003,2.21
549,dzhusaly,KZ,2023-01-30 02:40:34,46.3975,64.6962,93,57,21.001999999999974,5.04
550,candawaga,PH,2023-01-30 05:40:35,10.2544,115.8528,45,84,79.98800000000006,10.26
551,abha,SA,2023-01-30 00:40:35,18.7483,42.9622,16,53,62.61799999999998,2.13
552,broken hill,AU,2023-01-30 07:40:36,-28.8422,142.5673,91,50,87.06199999999995,7.4
553,cockburn harbour,TC,2023-01-29 16:40:36,23.3172,-72.3051,21,65,76.98200000000003,9.22
554,aswan,EG,2023-01-29 23:40:36,22.2345,27.5844,10,13,67.208,1.08
555,primo tapia,MX,2023-01-29 13:40:37,32.0992,-116.8969,100,77,55.274000000000015,3.96
556,turukhansk,RU,2023-01-30 04:40:37,65.2059,87.4223,99,100,-8.445999999999998,1.51
557,bukachacha,RU,2023-01-30 06:40:38,54.2375,116.927,79,82,3.974000000000011,0.58
558,west bay,KY,2023-01-29 16:40:38,19.1914,-82.5901,20,73,78.94399999999997,6.86
559,manokwari,ID,2023-01-30 06:40:39,1.5574,133.8793,93,74,82.72400000000002,4.65
560,coihaique,CL,2023-01-29 16:40:39,-48.3098,-80.1665,2,75,49.64000000000002,11.44
561,nelson bay,AU,2023-01-30 07:40:40,-35.0321,156.3695,100,70,71.43800000000005,6.93
562,kroya,ID,2023-01-30 04:40:40,-10.0369,108.2195,100,80,81.55399999999995,10.35
563,cornwall,CA,2023-01-29 16:40:40,45.1355,-74.7727,95,86,18.032000000000018,1.54
564,malinovoye ozero,RU,2023-01-30 03:40:41,50.611,78.4099,6,78,11.372000000000035,2.01
565,doka,SD,2023-01-29 23:40:41,14.5799,34.9093,8,49,77.73800000000006,6.25
566,hami,CN,2023-01-30 05:40:42,37.9931,93.0724,0,14,31.027999999999963,0.98
567,indramayu,ID,2023-01-30 04:40:42,-5.8961,108.3585,100,79,81.71600000000001,9.43
568,bereda,SO,2023-01-30 00:40:43,13.1056,52.3,81,58,73.63399999999999,8.13
569,kavieng,PG,2023-01-30 07:40:43,-1.7505,150.3727,63,67,85.26199999999996,3.7
570,hirara,JP,2023-01-30 06:40:43,20.694,128.3924,100,68,70.50199999999998,9.74
571,sumbe,AO,2023-01-29 22:40:44,-10.8512,12.6555,100,81,80.67200000000004,2.05
572,rugby,GB,2023-01-29 21:40:44,52.4369,-1.2278,97,79,42.674000000000014,6.89
573,nador,MA,2023-01-29 22:40:45,32.9288,-2.8204,13,60,28.21999999999996,2.37
574,taksimo,RU,2023-01-30 05:40:45,56.9113,114.2923,100,80,6.548000000000023,1.65
575,krasnaya yaruga,RU,2023-01-30 00:40:45,50.7855,35.6846,76,89,22.441999999999993,2.98
576,bilma,NE,2023-01-29 22:40:46,18.4782,12.0638,84,12,61.91600000000001,4.58
577,shelburne,CA,2023-01-29 17:40:47,40.8634,-64.2551,100,78,57.524000000000015,14.36
578,turayf,SA,2023-01-30 00:40:47,32.8773,39.8767,90,53,50.774000000000015,2.37
579,somerville,AU,2023-01-30 08:40:48,-38.2233,145.0475,73,61,73.49000000000002,1.79
580,carlos barbosa,BR,2023-01-29 18:40:48,-29.3568,-51.4929,2,98,67.04600000000005,0.58
581,mwense,ZM,2023-01-29 23:40:48,-10.329,27.9893,100,89,65.49800000000002,0.3
582,constantine,DZ,2023-01-29 21:40:49,37.6963,6.1367,1,63,53.906000000000034,2.04
583,kumo,NG,2023-01-29 22:40:49,10.0502,11.0835,76,31,75.2,2.08
584,rongcheng,CN,2023-01-30 05:40:50,24.5464,115.8787,0,19,67.85600000000002,0.95
585,kargil,IN,2023-01-30 05:40:50,36.3547,76.7516,100,88,11.048000000000023,0.9
586,northam,AU,2023-01-30 05:40:50,-29.9833,118.1138,29,16,99.31999999999996,4.85
587,lerwick,GB,2023-01-29 21:40:51,60.1638,-0.9434,86,68,39.48800000000004,14.98
588,itoman,JP,2023-01-30 06:40:51,18.4661,132.7824,100,83,75.308,11.17
589,batticaloa,LK,2023-01-30 03:40:52,9.2546,84.3013,100,84,79.79000000000002,9.16
